lat,lon,multi_nb_clusters,cumulative_GDD_score,cumulative_GDD_nb_clusters,cumulative_PRECTOT_score,cumulative_PRECTOT_nb_clusters,cumulative_WS2M_score,cumulative_WS2M_nb_clusters,cumulative_RH2M_score,cumulative_RH2M_nb_clusters
21.491028281152968,-13.571798288799789,2,39.70161710923382,3,298.54904941741916,9,61.07692827744824,4,71.5452355276026,3
21.491028281152968,-13.87179828879979,2,39.70161710923382,3,298.54904941741916,9,61.07692827744824,4,71.5452355276026,3
21.491028281152968,-14.171798288799788,2,37.10895769846412,6,222.36844845748664,9,71.03415094788149,3,80.82454993642975,2
21.491028281152968,-14.47179828879979,2,37.10895769846412,6,222.36844845748664,9,71.03415094788149,3,80.82454993642975,2
21.491028281152968,-14.771798288799788,6,39.89629182897826,2,254.1874685087442,9,71.09999222799507,3,73.1912662585831,2
21.491028281152968,-15.071798288799789,6,41.17592681617,2,261.7809858675489,9,80.11244646157927,2,64.77471175241085,5
21.491028281152968,-15.37179828879979,6,41.17592681617,2,261.7809858675489,9,80.11244646157927,2,64.77471175241085,5
21.491028281152968,-15.671798288799788,6,44.17303019457656,2,259.6494336272673,9,86.1214834614843,2,71.37451212107732,4
21.491028281152968,-15.97179828879979,6,44.17303019457656,2,259.6494336272673,9,86.1214834614843,2,71.37451212107732,4
21.491028281152968,-16.27179828879979,3,50.44880149572457,2,359.5322080854648,9,80.1889404034949,2,74.60344943683796,4
21.491028281152968,-16.57179828879979,4,52.31107721513837,4,231.60641259103716,9,68.31813198678861,2,58.156741657698596,3
21.491028281152968,-16.871798288799788,4,52.31107721513837,4,231.60641259103716,9,68.31813198678861,2,58.156741657698596,3
21.79102828115297,-13.271798288799788,2,43.378143827163385,3,265.95256375329257,4,64.15105864611022,5,79.56278832789283,3
21.79102828115297,-13.571798288799789,2,37.93775124213919,3,410.15069951945486,9,68.59095553774098,4,73.30358797135183,3
21.79102828115297,-13.87179828879979,2,37.93775124213919,3,410.15069951945486,9,68.59095553774098,4,73.30358797135183,3
21.79102828115297,-14.171798288799788,2,41.450610549011294,6,329.0572306354593,9,70.3328510355731,4,72.59553523153158,6
21.79102828115297,-14.47179828879979,2,41.450610549011294,6,329.0572306354593,9,70.3328510355731,4,72.59553523153158,6
21.79102828115297,-14.771798288799788,2,40.2758245114291,6,299.0134498698811,9,82.26761273833993,3,71.81605726599828,8
21.79102828115297,-15.071798288799789,6,36.66645722196136,6,322.530830400453,9,96.74902164537174,3,61.911988784529846,2
21.79102828115297,-15.37179828879979,6,36.66645722196136,6,322.530830400453,9,96.74902164537174,3,61.911988784529846,2
21.79102828115297,-15.671798288799788,3,42.02211011232029,2,336.7725268817161,9,84.71062367666461,3,65.16141916927292,4
21.79102828115297,-15.97179828879979,3,42.02211011232029,2,336.7725268817161,9,84.71062367666461,3,65.16141916927292,4
21.79102828115297,-16.27179828879979,2,44.16996879204501,4,407.8881099523102,9,74.84140723237486,3,61.189764652283785,2
21.79102828115297,-16.57179828879979,4,58.944451164024215,4,440.83615434199066,9,68.4894260495985,3,64.82324310625847,4
21.79102828115297,-16.871798288799788,4,58.944451164024215,4,440.83615434199066,9,68.4894260495985,3,64.82324310625847,4
22.091028281152962,-13.271798288799788,3,42.786287882929614,2,192.86298033602463,9,70.91125924445501,4,74.12539326087942,3
22.091028281152962,-13.571798288799789,2,42.05973781391049,2,272.2272891506642,9,76.63380006448024,4,73.93652298584863,2
22.091028281152962,-13.87179828879979,2,42.05973781391049,2,272.2272891506642,9,76.63380006448024,4,73.93652298584863,2
22.091028281152962,-14.171798288799788,2,39.801933141659525,6,340.4864570793974,9,71.423457749976,4,79.0752876391508,6
22.091028281152962,-14.47179828879979,2,39.801933141659525,6,340.4864570793974,9,71.423457749976,4,79.0752876391508,6
22.091028281152962,-14.771798288799788,3,36.345252426303894,8,293.97053560772724,9,85.04361238836408,2,65.6954988102763,2
22.091028281152962,-15.071798288799789,3,34.865686378112976,3,253.17174568331697,9,89.95012585698936,2,65.70583799533686,2
22.091028281152962,-15.37179828879979,3,34.865686378112976,3,253.17174568331697,9,89.95012585698936,2,65.70583799533686,2
22.091028281152962,-15.671798288799788,3,42.62355048100001,4,297.4863580595387,9,89.93908021971136,2,69.02429502277704,2
22.091028281152962,-15.97179828879979,3,42.62355048100001,4,297.4863580595387,9,89.93908021971136,2,69.02429502277704,2
22.091028281152962,-16.27179828879979,4,51.9993767042926,5,414.45752388128955,9,78.45358904713122,2,64.62286141940399,3
22.091028281152962,-16.57179828879979,5,77.8848105422594,4,429.0990894559742,8,66.47694440984347,4,61.20245058686377,3
22.39102828115297,-13.271798288799788,3,42.786287882929614,2,192.86298033602463,9,70.91125924445501,4,74.12539326087942,3
22.39102828115297,-13.571798288799789,2,42.05973781391049,2,272.2272891506642,9,76.63380006448024,4,73.93652298584863,2
22.39102828115297,-13.87179828879979,2,42.05973781391049,2,272.2272891506642,9,76.63380006448024,4,73.93652298584863,2
22.39102828115297,-14.171798288799788,2,39.801933141659525,6,340.4864570793974,9,71.423457749976,4,79.0752876391508,6
22.39102828115297,-14.47179828879979,2,39.801933141659525,6,340.4864570793974,9,71.423457749976,4,79.0752876391508,6
22.39102828115297,-14.771798288799788,3,36.345252426303894,8,293.97053560772724,9,85.04361238836408,2,65.6954988102763,2
22.39102828115297,-15.071798288799789,3,34.865686378112976,3,253.17174568331697,9,89.95012585698936,2,65.70583799533686,2
22.39102828115297,-15.37179828879979,3,34.865686378112976,3,253.17174568331697,9,89.95012585698936,2,65.70583799533686,2
22.39102828115297,-15.671798288799788,3,42.62355048100001,4,297.4863580595387,9,89.93908021971136,2,69.02429502277704,2
22.39102828115297,-15.97179828879979,3,42.62355048100001,4,297.4863580595387,9,89.93908021971136,2,69.02429502277704,2
22.39102828115297,-16.27179828879979,4,51.9993767042926,5,414.45752388128955,9,78.45358904713122,2,64.62286141940399,3
22.691028281152967,-13.271798288799788,3,41.55700554469849,2,137.16376178453467,9,66.92971302279787,2,69.19864633318244,2
22.691028281152967,-13.571798288799789,3,42.309949620760214,2,188.72220853939095,9,76.81999213697989,2,83.0741385667307,3
22.691028281152967,-13.87179828879979,3,42.309949620760214,2,188.72220853939095,9,76.81999213697989,2,83.0741385667307,3
22.691028281152967,-14.171798288799788,2,38.80420639493923,2,199.47932645713456,9,75.89577492730402,2,91.19341576972161,3
22.691028281152967,-14.47179828879979,2,38.80420639493923,2,199.47932645713456,9,75.89577492730402,2,91.19341576972161,3
22.691028281152967,-14.771798288799788,2,35.94131166878781,2,200.55829255833333,9,88.37794839340589,3,76.84129647433593,2
22.691028281152967,-15.071798288799789,3,39.95039655084352,2,161.35917546337154,9,85.36482636521882,2,65.70880496046996,3
22.691028281152967,-15.37179828879979,3,39.95039655084352,2,161.35917546337154,9,85.36482636521882,2,65.70880496046996,3
22.691028281152967,-15.671798288799788,2,43.025490234016274,2,206.89056335746739,9,88.59395363151327,3,71.28485199914282,2
22.691028281152967,-15.97179828879979,2,43.025490234016274,2,206.89056335746739,9,88.59395363151327,3,71.28485199914282,2
22.691028281152967,-16.27179828879979,2,63.092855111731225,5,353.24309624653773,9,77.55788932762978,2,65.01140317690609,3
22.991028281152968,-13.271798288799788,3,41.55700554469849,2,137.16376178453467,9,66.92971302279787,2,69.19864633318244,2
22.991028281152968,-13.571798288799789,3,42.309949620760214,2,188.72220853939095,9,76.81999213697989,2,83.0741385667307,3
22.991028281152968,-13.87179828879979,3,42.309949620760214,2,188.72220853939095,9,76.81999213697989,2,83.0741385667307,3
22.991028281152968,-14.171798288799788,2,38.80420639493923,2,199.47932645713456,9,75.89577492730402,2,91.19341576972161,3
22.991028281152968,-14.47179828879979,2,38.80420639493923,2,199.47932645713456,9,75.89577492730402,2,91.19341576972161,3
22.991028281152968,-14.771798288799788,2,35.94131166878781,2,200.55829255833333,9,88.37794839340589,3,76.84129647433593,2
22.991028281152968,-15.071798288799789,3,39.95039655084352,2,161.35917546337154,9,85.36482636521882,2,65.70880496046996,3
22.991028281152968,-15.37179828879979,3,39.95039655084352,2,161.35917546337154,9,85.36482636521882,2,65.70880496046996,3
22.991028281152968,-15.671798288799788,2,43.025490234016274,2,206.89056335746739,9,88.59395363151327,3,71.28485199914282,2
22.991028281152968,-15.97179828879979,2,43.025490234016274,2,206.89056335746739,9,88.59395363151327,3,71.28485199914282,2
23.29102828115297,-12.671798288799788,5,49.18532117632569,2,161.65200034843292,9,61.25035997036681,2,68.01347451261826,5
23.29102828115297,-12.97179828879979,5,49.18532117632569,2,161.65200034843292,9,61.25035997036681,2,68.01347451261826,5
23.29102828115297,-13.271798288799788,3,46.43801098471871,2,117.67050430292787,9,61.466411655968194,3,68.93322703230466,2
23.29102828115297,-13.571798288799789,3,41.781618220579375,2,330.01746974341825,9,78.51814965003784,2,86.16924065628744,3
23.29102828115297,-13.87179828879979,3,41.781618220579375,2,330.01746974341825,9,78.51814965003784,2,86.16924065628744,3
23.29102828115297,-14.171798288799788,2,37.489295985136025,2,226.49300515578645,9,86.4567336866377,3,84.2947308892345,3
23.29102828115297,-14.47179828879979,2,37.489295985136025,2,226.49300515578645,9,86.4567336866377,3,84.2947308892345,3
23.29102828115297,-14.771798288799788,3,39.260333858871135,3,153.59859411261155,8,87.45969107542791,3,73.65487110197739,2
23.29102828115297,-15.071798288799789,3,40.859774847733554,3,175.8396069089525,9,82.50444430268118,2,70.31112447422495,2
23.29102828115297,-15.37179828879979,3,40.859774847733554,3,175.8396069089525,9,82.50444430268118,2,70.31112447422495,2
23.29102828115297,-15.671798288799788,3,51.85437833616123,5,248.54117415381185,9,79.8576309475821,4,66.95304990458735,2
23.29102828115297,-15.97179828879979,3,51.85437833616123,5,248.54117415381185,9,79.8576309475821,4,66.95304990458735,2
23.591028281152962,-12.071798288799789,4,40.59272551127481,4,252.51759606220529,9,55.841523627240804,2,63.1788093913792,3
23.591028281152962,-12.371798288799793,4,40.59272551127481,4,252.51759606220529,9,55.841523627240804,2,63.1788093913792,3
23.591028281152962,-12.671798288799788,2,40.79466360092372,4,213.6592027155033,9,56.96918534414803,2,62.456283181315165,2
23.591028281152962,-12.97179828879979,2,40.79466360092372,4,213.6592027155033,9,56.96918534414803,2,62.456283181315165,2
23.591028281152962,-13.271798288799788,2,44.09102225278109,2,245.66937679471897,9,56.04743068777081,2,74.56361150131475,3
23.591028281152962,-13.571798288799789,4,39.686762453397414,2,305.4081113917735,9,70.4155601805853,3,72.23083420806859,2
23.591028281152962,-13.87179828879979,4,39.686762453397414,2,305.4081113917735,9,70.4155601805853,3,72.23083420806859,2
23.591028281152962,-14.171798288799788,2,38.92370499783188,4,257.38896959331294,9,76.2544840975095,3,71.82540357260343,2
23.591028281152962,-14.47179828879979,2,38.92370499783188,4,257.38896959331294,9,76.2544840975095,3,71.82540357260343,2
23.591028281152962,-14.771798288799788,3,41.34399301346062,3,201.9970454107855,9,73.17001236565899,2,63.99043749757968,3
23.591028281152962,-15.071798288799789,3,47.36977205784639,5,229.8934822731896,9,74.10678132252623,3,59.12533727313289,3
23.591028281152962,-15.37179828879979,3,47.36977205784639,5,229.8934822731896,9,74.10678132252623,3,59.12533727313289,3
23.591028281152962,-15.671798288799788,5,73.0914139511433,5,224.09554054386658,8,73.57256003990275,2,61.7658290586177,2
23.89102828115297,-12.071798288799789,4,40.59272551127481,4,252.51759606220529,9,55.841523627240804,2,63.1788093913792,3
23.89102828115297,-12.371798288799793,4,40.59272551127481,4,252.51759606220529,9,55.841523627240804,2,63.1788093913792,3
23.89102828115297,-12.671798288799788,2,40.79466360092372,4,213.6592027155033,9,56.96918534414803,2,62.456283181315165,2
23.89102828115297,-12.97179828879979,2,40.79466360092372,4,213.6592027155033,9,56.96918534414803,2,62.456283181315165,2
23.89102828115297,-13.271798288799788,2,44.09102225278109,2,245.66937679471897,9,56.04743068777081,2,74.56361150131475,3
23.89102828115297,-13.571798288799789,4,39.686762453397414,2,305.4081113917735,9,70.4155601805853,3,72.23083420806859,2
23.89102828115297,-13.87179828879979,4,39.686762453397414,2,305.4081113917735,9,70.4155601805853,3,72.23083420806859,2
23.89102828115297,-14.171798288799788,2,38.92370499783188,4,257.38896959331294,9,76.2544840975095,3,71.82540357260343,2
23.89102828115297,-14.47179828879979,2,38.92370499783188,4,257.38896959331294,9,76.2544840975095,3,71.82540357260343,2
23.89102828115297,-14.771798288799788,3,41.34399301346062,3,201.9970454107855,9,73.17001236565899,2,63.99043749757968,3
23.89102828115297,-15.071798288799789,3,47.36977205784639,5,229.8934822731896,9,74.10678132252623,3,59.12533727313289,3
23.89102828115297,-15.37179828879979,3,47.36977205784639,5,229.8934822731896,9,74.10678132252623,3,59.12533727313289,3
23.89102828115297,-15.671798288799788,5,73.0914139511433,5,224.09554054386658,8,73.57256003990275,2,61.7658290586177,2
24.191028281152967,-12.071798288799789,5,41.9033200847108,3,221.7432593082151,9,54.21479776291841,2,57.13258876835285,4
24.191028281152967,-12.371798288799793,5,41.9033200847108,3,221.7432593082151,9,54.21479776291841,2,57.13258876835285,4
24.191028281152967,-12.671798288799788,4,39.83307802965208,2,199.49389854520666,9,55.52629152503269,2,64.16230523757662,3
24.191028281152967,-12.97179828879979,4,39.83307802965208,2,199.49389854520666,9,55.52629152503269,2,64.16230523757662,3
24.191028281152967,-13.271798288799788,2,42.422735614659956,3,271.5806274996576,9,54.089297014229984,2,62.72133760161525,3
24.191028281152967,-13.571798288799789,2,39.734294329477024,4,321.97196852137563,9,56.74429759974188,3,66.07451475603642,2
24.191028281152967,-13.87179828879979,2,39.734294329477024,4,321.97196852137563,9,56.74429759974188,3,66.07451475603642,2
24.191028281152967,-14.171798288799788,2,45.952115723756606,3,210.26731783691307,9,66.18430299124556,2,57.22764455203685,3
24.191028281152967,-14.47179828879979,2,45.952115723756606,3,210.26731783691307,9,66.18430299124556,2,57.22764455203685,3
24.191028281152967,-14.771798288799788,5,41.59953495147795,4,169.93440236017457,9,69.22399959941337,2,63.7738792235757,3
24.191028281152967,-15.071798288799789,5,63.870961701972156,5,177.09891442473318,9,61.69238086923247,2,60.121287630957994,3
24.191028281152967,-15.37179828879979,5,63.870961701972156,5,177.09891442473318,9,61.69238086923247,2,60.121287630957994,3
24.491028281152968,-12.071798288799789,5,41.9033200847108,3,221.7432593082151,9,54.21479776291841,2,57.13258876835285,4
24.491028281152968,-12.371798288799793,5,41.9033200847108,3,221.7432593082151,9,54.21479776291841,2,57.13258876835285,4
24.491028281152968,-12.671798288799788,4,39.83307802965208,2,199.49389854520666,9,55.52629152503269,2,64.16230523757662,3
24.491028281152968,-12.97179828879979,4,39.83307802965208,2,199.49389854520666,9,55.52629152503269,2,64.16230523757662,3
24.491028281152968,-13.271798288799788,2,42.422735614659956,3,271.5806274996576,9,54.089297014229984,2,62.72133760161525,3
24.491028281152968,-13.571798288799789,2,39.734294329477024,4,321.97196852137563,9,56.74429759974188,3,66.07451475603642,2
24.491028281152968,-13.87179828879979,2,39.734294329477024,4,321.97196852137563,9,56.74429759974188,3,66.07451475603642,2
24.491028281152968,-14.171798288799788,2,45.952115723756606,3,210.26731783691307,9,66.18430299124556,2,57.22764455203685,3
24.491028281152968,-14.47179828879979,2,45.952115723756606,3,210.26731783691307,9,66.18430299124556,2,57.22764455203685,3
24.491028281152968,-14.771798288799788,5,41.59953495147795,4,169.93440236017457,9,69.22399959941337,2,63.7738792235757,3
24.491028281152968,-15.071798288799789,5,63.870961701972156,5,177.09891442473318,9,61.69238086923247,2,60.121287630957994,3
24.79102828115297,-12.071798288799789,4,36.52686334525894,5,142.12094523674105,9,53.550029051376534,2,58.96325950130758,2
24.79102828115297,-12.371798288799793,4,36.52686334525894,5,142.12094523674105,9,53.550029051376534,2,58.96325950130758,2
24.79102828115297,-12.671798288799788,4,39.57655450628889,5,118.68833528323567,4,56.232410543331994,2,53.57997153163971,2
24.79102828115297,-12.97179828879979,4,39.57655450628889,5,118.68833528323567,4,56.232410543331994,2,53.57997153163971,2
24.79102828115297,-13.271798288799788,4,43.30405846120026,6,181.98115509952868,9,56.42120955474059,2,60.48070695683231,3
24.79102828115297,-13.571798288799789,2,42.06899002814554,9,207.3287740234577,9,59.83141173988829,3,73.29952647164421,3
24.79102828115297,-13.87179828879979,2,42.06899002814554,9,207.3287740234577,9,59.83141173988829,3,73.29952647164421,3
24.79102828115297,-14.171798288799788,2,45.12624224672501,4,128.63229241652624,9,59.23800840531998,2,67.52638197031686,3
24.79102828115297,-14.47179828879979,2,45.12624224672501,4,128.63229241652624,9,59.23800840531998,2,67.52638197031686,3
24.79102828115297,-14.771798288799788,2,55.26668264048231,6,109.03636045286122,9,62.39018008805193,2,57.69095338130217,3
25.091028281152962,-12.071798288799789,4,37.58579563751332,2,103.68321415822841,5,50.863017622038676,2,66.72400528113181,2
25.091028281152962,-12.371798288799793,4,37.58579563751332,2,103.68321415822841,5,50.863017622038676,2,66.72400528113181,2
25.091028281152962,-12.671798288799788,4,39.994251505956164,2,78.58126889662859,7,47.942203579974574,2,69.9755851847802,2
25.091028281152962,-12.97179828879979,4,39.994251505956164,2,78.58126889662859,7,47.942203579974574,2,69.9755851847802,2
25.091028281152962,-13.271798288799788,3,48.15061362901581,3,101.84154681572002,9,54.861083511549204,2,75.792733432192,2
25.091028281152962,-13.571798288799789,2,51.5493630656892,3,135.95918424706812,9,45.36219410499956,2,67.27801861738213,3
25.091028281152962,-13.87179828879979,2,51.5493630656892,3,135.95918424706812,9,45.36219410499956,2,67.27801861738213,3
25.091028281152962,-14.171798288799788,3,50.359464256104964,6,85.77924301851061,9,48.22164526497764,2,59.51902717926895,3
25.091028281152962,-14.47179828879979,3,50.359464256104964,6,85.77924301851061,9,48.22164526497764,2,59.51902717926895,3
25.091028281152962,-14.771798288799788,2,60.87106203058826,5,83.56758611961263,2,45.14218533260626,3,53.54983657266035,4
25.39102828115297,-12.071798288799789,4,37.58579563751332,2,103.68321415822841,5,50.863017622038676,2,66.72400528113181,2
25.39102828115297,-12.371798288799793,4,37.58579563751332,2,103.68321415822841,5,50.863017622038676,2,66.72400528113181,2
25.39102828115297,-12.671798288799788,4,39.994251505956164,2,78.58126889662859,7,47.942203579974574,2,69.9755851847802,2
25.39102828115297,-12.97179828879979,4,39.994251505956164,2,78.58126889662859,7,47.942203579974574,2,69.9755851847802,2
25.39102828115297,-13.271798288799788,3,48.15061362901581,3,101.84154681572002,9,54.861083511549204,2,75.792733432192,2
25.39102828115297,-13.571798288799789,2,51.5493630656892,3,135.95918424706812,9,45.36219410499956,2,67.27801861738213,3
25.39102828115297,-13.87179828879979,2,51.5493630656892,3,135.95918424706812,9,45.36219410499956,2,67.27801861738213,3
25.39102828115297,-14.171798288799788,3,50.359464256104964,6,85.77924301851061,9,48.22164526497764,2,59.51902717926895,3
25.39102828115297,-14.47179828879979,3,50.359464256104964,6,85.77924301851061,9,48.22164526497764,2,59.51902717926895,3
25.39102828115297,-14.771798288799788,2,60.87106203058826,5,83.56758611961263,2,45.14218533260626,3,53.54983657266035,4
25.691028281152967,-12.071798288799789,3,34.12749850953635,9,67.6170852508787,5,43.796902276716004,2,63.766748049246154,2
25.691028281152967,-12.371798288799793,3,34.12749850953635,9,67.6170852508787,5,43.796902276716004,2,63.766748049246154,2
25.691028281152967,-12.671798288799788,2,39.67444349362982,3,67.42456384740231,5,50.029353727192344,2,62.17622578973623,2
25.691028281152967,-12.97179828879979,2,39.67444349362982,3,67.42456384740231,5,50.029353727192344,2,62.17622578973623,2
25.691028281152967,-13.271798288799788,6,45.43620379621821,3,91.5956262113491,6,50.398569266358344,2,64.35387790254033,2
25.691028281152967,-13.571798288799789,2,50.07393391344921,6,85.02722467730243,9,38.26985591354147,3,57.18866711414664,3
25.691028281152967,-13.87179828879979,2,50.07393391344921,6,85.02722467730243,9,38.26985591354147,3,57.18866711414664,3
25.691028281152967,-14.171798288799788,2,54.613080067599675,5,58.468993485977606,4,33.17771505307865,2,45.89642431795662,5
25.691028281152967,-14.47179828879979,2,54.613080067599675,5,58.468993485977606,4,33.17771505307865,2,45.89642431795662,5
25.991028281152968,-12.071798288799789,3,34.12749850953635,9,67.6170852508787,5,43.796902276716004,2,63.766748049246154,2
25.991028281152968,-12.371798288799793,3,34.12749850953635,9,67.6170852508787,5,43.796902276716004,2,63.766748049246154,2
25.991028281152968,-12.671798288799788,2,39.67444349362982,3,67.42456384740231,5,50.029353727192344,2,62.17622578973623,2
25.991028281152968,-12.97179828879979,2,39.67444349362982,3,67.42456384740231,5,50.029353727192344,2,62.17622578973623,2
25.991028281152968,-13.271798288799788,6,45.43620379621821,3,91.5956262113491,6,50.398569266358344,2,64.35387790254033,2
25.991028281152968,-13.571798288799789,2,50.07393391344921,6,85.02722467730243,9,38.26985591354147,3,57.18866711414664,3
25.991028281152968,-13.87179828879979,2,50.07393391344921,6,85.02722467730243,9,38.26985591354147,3,57.18866711414664,3
25.991028281152968,-14.171798288799788,2,54.613080067599675,5,58.468993485977606,4,33.17771505307865,2,45.89642431795662,5
25.991028281152968,-14.47179828879979,2,54.613080067599675,5,58.468993485977606,4,33.17771505307865,2,45.89642431795662,5
26.29102828115297,-10.271798288799788,4,45.06774716699132,2,74.49403031919113,7,36.27060200474188,3,55.60585812799859,3
26.29102828115297,-10.571798288799789,3,42.7775365020641,2,63.46789267630957,4,34.517642851466974,3,51.387537471472214,2
26.29102828115297,-10.871798288799793,3,42.7775365020641,2,63.46789267630957,4,34.517642851466974,3,51.387537471472214,2
26.29102828115297,-11.171798288799788,3,42.797642022787265,2,54.490591725142494,3,38.183135460058125,2,43.234304342721586,4
26.29102828115297,-11.47179828879979,3,42.797642022787265,2,54.490591725142494,3,38.183135460058125,2,43.234304342721586,4
26.29102828115297,-11.771798288799788,3,42.701070533018566,2,74.86906939339292,3,42.86847158588672,2,46.82716631967058,3
26.29102828115297,-12.071798288799789,3,46.50735309620913,2,63.91965168227713,6,44.83501261843594,2,50.465458749369844,2
26.29102828115297,-12.371798288799793,3,46.50735309620913,2,63.91965168227713,6,44.83501261843594,2,50.465458749369844,2
26.29102828115297,-12.671798288799788,4,48.515810438779994,2,57.69376052574066,5,47.8756913290033,2,43.05244569504217,6
26.29102828115297,-12.97179828879979,4,48.515810438779994,2,57.69376052574066,5,47.8756913290033,2,43.05244569504217,6
26.29102828115297,-13.271798288799788,3,52.06380532955953,2,68.11843790580905,9,43.60938978303726,2,53.72125424943724,2
26.29102828115297,-13.571798288799789,3,56.24581465398346,3,60.824909088272705,9,32.98201849068282,4,47.12510257642004,3
26.29102828115297,-13.87179828879979,3,56.24581465398346,3,60.824909088272705,9,32.98201849068282,4,47.12510257642004,3
26.29102828115297,-14.171798288799788,3,59.53531443555316,8,53.652457213927114,9,34.08245277424727,2,50.63101224212973,4
26.29102828115297,-8.77179828879979,6,43.49572018529267,2,80.99687028460556,8,33.50994608174463,2,55.22840342751533,2
26.29102828115297,-9.071798288799789,3,46.187468979441164,2,82.12657212104926,7,32.81789278132904,2,57.14945784770251,2
26.29102828115297,-9.37179828879979,3,46.187468979441164,2,82.12657212104926,7,32.81789278132904,2,57.14945784770251,2
26.29102828115297,-9.671798288799788,4,45.60278767910286,2,79.04554525502623,9,36.4557845874831,3,56.008270574914334,2
26.29102828115297,-9.97179828879979,4,45.60278767910286,2,79.04554525502623,9,36.4557845874831,3,56.008270574914334,2
26.591028281152962,-10.271798288799788,2,45.81147033558539,2,61.207065545592485,2,38.15609870748823,2,56.41571719265194,3
26.591028281152962,-10.571798288799789,2,49.865515954513,2,65.51655285938399,2,36.184654965708354,2,41.42098636348159,3
26.591028281152962,-10.871798288799793,2,49.865515954513,2,65.51655285938399,2,36.184654965708354,2,41.42098636348159,3
26.591028281152962,-11.171798288799788,2,47.04933243584574,2,62.796760868582105,2,39.36313052829329,2,46.46268773183288,2
26.591028281152962,-11.47179828879979,2,47.04933243584574,2,62.796760868582105,2,39.36313052829329,2,46.46268773183288,2
26.591028281152962,-11.771798288799788,3,41.758439691313335,3,64.01855961706511,3,40.398230296292084,2,46.96660451361791,3
26.591028281152962,-12.071798288799789,3,52.159547533999394,2,59.38760165884202,4,45.758830791801884,2,52.33486023985564,2
26.591028281152962,-12.371798288799793,3,52.159547533999394,2,59.38760165884202,4,45.758830791801884,2,52.33486023985564,2
26.591028281152962,-12.671798288799788,5,54.58472360687491,2,52.70236188020036,5,48.2532296421665,2,53.231451573494816,2
26.591028281152962,-12.97179828879979,5,54.58472360687491,2,52.70236188020036,5,48.2532296421665,2,53.231451573494816,2
26.591028281152962,-13.271798288799788,3,55.114805460983646,2,55.448992619161885,4,39.63479418294134,2,49.67162244678608,2
26.591028281152962,-13.571798288799789,4,61.55065379784705,8,61.918881297933204,9,33.09878534754264,2,46.55240521063414,4
26.591028281152962,-8.77179828879979,3,43.722841154754676,2,60.043101063284006,6,25.840900804798856,2,57.13102398935767,3
26.591028281152962,-9.071798288799789,3,44.59536518081568,3,56.39638880966626,4,27.870948359729667,2,54.74312835206584,2
26.591028281152962,-9.37179828879979,3,44.59536518081568,3,56.39638880966626,4,27.870948359729667,2,54.74312835206584,2
26.591028281152962,-9.671798288799788,3,39.90221454178485,2,52.134728539765355,3,32.16057823046119,2,56.04784289718586,3
26.591028281152962,-9.97179828879979,3,39.90221454178485,2,52.134728539765355,3,32.16057823046119,2,56.04784289718586,3
26.89102828115297,-10.271798288799788,2,45.81147033558539,2,61.207065545592485,2,38.15609870748823,2,56.41571719265194,3
26.89102828115297,-10.571798288799789,2,49.865515954513,2,65.51655285938399,2,36.184654965708354,2,41.42098636348159,3
26.89102828115297,-10.871798288799793,2,49.865515954513,2,65.51655285938399,2,36.184654965708354,2,41.42098636348159,3
26.89102828115297,-11.171798288799788,2,47.04933243584574,2,62.796760868582105,2,39.36313052829329,2,46.46268773183288,2
26.89102828115297,-11.47179828879979,2,47.04933243584574,2,62.796760868582105,2,39.36313052829329,2,46.46268773183288,2
26.89102828115297,-11.771798288799788,3,41.758439691313335,3,64.01855961706511,3,40.398230296292084,2,46.96660451361791,3
26.89102828115297,-12.071798288799789,3,52.159547533999394,2,59.38760165884202,4,45.758830791801884,2,52.33486023985564,2
26.89102828115297,-12.371798288799793,3,52.159547533999394,2,59.38760165884202,4,45.758830791801884,2,52.33486023985564,2
26.89102828115297,-12.671798288799788,5,54.58472360687491,2,52.70236188020036,5,48.2532296421665,2,53.231451573494816,2
26.89102828115297,-12.97179828879979,5,54.58472360687491,2,52.70236188020036,5,48.2532296421665,2,53.231451573494816,2
26.89102828115297,-13.271798288799788,3,55.114805460983646,2,55.448992619161885,4,39.63479418294134,2,49.67162244678608,2
26.89102828115297,-8.77179828879979,3,43.722841154754676,2,60.043101063284006,6,25.840900804798856,2,57.13102398935767,3
26.89102828115297,-9.071798288799789,3,44.59536518081568,3,56.39638880966626,4,27.870948359729667,2,54.74312835206584,2
26.89102828115297,-9.37179828879979,3,44.59536518081568,3,56.39638880966626,4,27.870948359729667,2,54.74312835206584,2
26.89102828115297,-9.671798288799788,3,39.90221454178485,2,52.134728539765355,3,32.16057823046119,2,56.04784289718586,3
26.89102828115297,-9.97179828879979,3,39.90221454178485,2,52.134728539765355,3,32.16057823046119,2,56.04784289718586,3
27.191028281152967,-10.271798288799788,2,50.89578492891535,2,54.96456173983475,2,33.074434612823524,3,49.29177247184083,3
27.191028281152967,-10.571798288799789,2,50.01381828104608,2,55.720405271872835,2,37.11378388316315,3,45.53521477882543,3
27.191028281152967,-10.871798288799793,2,50.01381828104608,2,55.720405271872835,2,37.11378388316315,3,45.53521477882543,3
27.191028281152967,-11.171798288799788,2,49.32598648586817,2,58.230345573031634,2,37.071622201638746,2,40.15568561310988,3
27.191028281152967,-11.47179828879979,2,49.32598648586817,2,58.230345573031634,2,37.071622201638746,2,40.15568561310988,3
27.191028281152967,-11.771798288799788,2,57.875922544464295,2,64.91631139023893,4,36.603075151696615,2,47.967483694021475,2
27.191028281152967,-12.071798288799789,2,54.81463402230117,2,58.864343430011665,4,40.83534775262059,2,48.39715972348205,2
27.191028281152967,-12.371798288799793,2,54.81463402230117,2,58.864343430011665,4,40.83534775262059,2,48.39715972348205,2
27.191028281152967,-12.671798288799788,3,57.23532441101862,2,45.486854360230716,7,31.26294468023162,6,47.36915987845179,2
27.191028281152967,-12.97179828879979,3,57.23532441101862,2,45.486854360230716,7,31.26294468023162,6,47.36915987845179,2
27.191028281152967,-13.271798288799788,3,56.47288268487341,3,51.1212223303009,3,30.946256959795907,3,49.139222042128814,5
27.191028281152967,-8.77179828879979,3,43.52485033687939,3,84.95873393945652,3,25.995268661646964,2,59.2245223745977,3
27.191028281152967,-9.071798288799789,3,48.048069514811736,2,64.57107767218874,3,25.81585705117844,2,53.68912010980968,2
27.191028281152967,-9.37179828879979,3,48.048069514811736,2,64.57107767218874,3,25.81585705117844,2,53.68912010980968,2
27.191028281152967,-9.671798288799788,2,49.973866139846585,2,48.35837634469581,9,29.204907943749724,2,52.62078336716064,3
27.191028281152967,-9.97179828879979,2,49.973866139846585,2,48.35837634469581,9,29.204907943749724,2,52.62078336716064,3
27.491028281152968,-10.271798288799788,2,50.89578492891535,2,54.96456173983475,2,33.074434612823524,3,49.29177247184083,3
27.491028281152968,-10.571798288799789,2,50.01381828104608,2,55.720405271872835,2,37.11378388316315,3,45.53521477882543,3
27.491028281152968,-10.871798288799793,2,50.01381828104608,2,55.720405271872835,2,37.11378388316315,3,45.53521477882543,3
27.491028281152968,-11.171798288799788,2,49.32598648586817,2,58.230345573031634,2,37.071622201638746,2,40.15568561310988,3
27.491028281152968,-11.47179828879979,2,49.32598648586817,2,58.230345573031634,2,37.071622201638746,2,40.15568561310988,3
27.491028281152968,-11.771798288799788,2,57.875922544464295,2,64.91631139023893,4,36.603075151696615,2,47.967483694021475,2
27.491028281152968,-12.071798288799789,2,54.81463402230117,2,58.864343430011665,4,40.83534775262059,2,48.39715972348205,2
27.491028281152968,-12.371798288799793,2,54.81463402230117,2,58.864343430011665,4,40.83534775262059,2,48.39715972348205,2
27.491028281152968,-12.671798288799788,3,57.23532441101862,2,45.486854360230716,7,31.26294468023162,6,47.36915987845179,2
27.491028281152968,-12.97179828879979,3,57.23532441101862,2,45.486854360230716,7,31.26294468023162,6,47.36915987845179,2
27.491028281152968,-8.77179828879979,3,43.52485033687939,3,84.95873393945652,3,25.995268661646964,2,59.2245223745977,3
27.491028281152968,-9.071798288799789,3,48.048069514811736,2,64.57107767218874,3,25.81585705117844,2,53.68912010980968,2
27.491028281152968,-9.37179828879979,3,48.048069514811736,2,64.57107767218874,3,25.81585705117844,2,53.68912010980968,2
27.491028281152968,-9.671798288799788,2,49.973866139846585,2,48.35837634469581,9,29.204907943749724,2,52.62078336716064,3
27.491028281152968,-9.97179828879979,2,49.973866139846585,2,48.35837634469581,9,29.204907943749724,2,52.62078336716064,3
27.79102828115297,-10.271798288799788,2,56.118989427513,2,51.37647330717299,5,30.018654083218724,2,51.001391685358826,3
27.79102828115297,-10.571798288799789,2,45.73674426191365,2,48.959673240776716,2,31.552911218311085,2,39.624307613317356,2
27.79102828115297,-10.871798288799793,2,45.73674426191365,2,48.959673240776716,2,31.552911218311085,2,39.624307613317356,2
27.79102828115297,-11.171798288799788,2,49.22381525916271,2,51.62327952632565,2,37.35037406648136,2,46.05826218984205,2
27.79102828115297,-11.47179828879979,2,49.22381525916271,2,51.62327952632565,2,37.35037406648136,2,46.05826218984205,2
27.79102828115297,-11.771798288799788,2,52.571215788327635,2,47.63695587765812,2,30.996718996067806,2,47.06122045859884,2
27.79102828115297,-12.071798288799789,2,51.04359336033703,3,48.365809346979894,2,31.253203582661396,2,47.85122595592773,2
27.79102828115297,-12.371798288799793,2,51.04359336033703,3,48.365809346979894,2,31.253203582661396,2,47.85122595592773,2
27.79102828115297,-12.671798288799788,2,53.910272672225155,2,43.79903927071654,5,32.223130393428825,2,45.39142403374981,2
27.79102828115297,-12.97179828879979,2,53.910272672225155,2,43.79903927071654,5,32.223130393428825,2,45.39142403374981,2
27.79102828115297,-8.77179828879979,3,51.42418484393972,2,128.14948655901082,8,26.966325117799087,4,55.179766036525756,2
27.79102828115297,-9.071798288799789,3,54.295031340681255,2,78.28342472948763,3,26.158444937227056,3,59.96339102886241,2
27.79102828115297,-9.37179828879979,3,54.295031340681255,2,78.28342472948763,3,26.158444937227056,3,59.96339102886241,2
27.79102828115297,-9.671798288799788,3,57.17395171533331,2,52.645513264449896,4,23.674930924703165,2,61.06865073525169,2
27.79102828115297,-9.97179828879979,3,57.17395171533331,2,52.645513264449896,4,23.674930924703165,2,61.06865073525169,2
28.091028281152962,-10.271798288799788,2,51.57664574425058,2,51.82390251096131,2,32.363976002497644,2,47.177839855058544,3
28.091028281152962,-10.571798288799789,2,48.311577883470925,2,48.023499803261366,2,33.896684381019746,2,49.17001877034087,2
28.091028281152962,-10.871798288799793,2,48.311577883470925,2,48.023499803261366,2,33.896684381019746,2,49.17001877034087,2
28.091028281152962,-11.171798288799788,2,49.13215179250345,3,51.44706465766115,2,42.143360740179716,2,46.78214584693177,2
28.091028281152962,-11.47179828879979,2,49.13215179250345,3,51.44706465766115,2,42.143360740179716,2,46.78214584693177,2
28.091028281152962,-11.771798288799788,2,51.85809582459984,4,52.625564925197764,6,38.69293436904293,2,54.307609990795214,3
28.091028281152962,-12.071798288799789,2,66.90444785055746,2,57.60912127891671,2,35.50905719143291,2,52.64909268861488,2
28.091028281152962,-8.77179828879979,9,51.89275648805426,2,73.62384612998227,9,25.983125757479534,4,75.24509670765435,2
28.091028281152962,-9.071798288799789,4,59.711325805652685,2,62.61232184250277,4,23.383117885154824,4,73.6899892796924,2
28.091028281152962,-9.37179828879979,4,59.711325805652685,2,62.61232184250277,4,23.383117885154824,4,73.6899892796924,2
28.091028281152962,-9.671798288799788,4,61.005841960735616,2,55.04570294009101,4,27.21869279621721,2,59.95070130450963,2
28.091028281152962,-9.97179828879979,4,61.005841960735616,2,55.04570294009101,4,27.21869279621721,2,59.95070130450963,2
28.39102828115297,-10.271798288799788,2,51.57664574425058,2,51.82390251096131,2,32.363976002497644,2,47.177839855058544,3
28.39102828115297,-10.571798288799789,2,48.311577883470925,2,48.023499803261366,2,33.896684381019746,2,49.17001877034087,2
28.39102828115297,-10.871798288799793,2,48.311577883470925,2,48.023499803261366,2,33.896684381019746,2,49.17001877034087,2
28.39102828115297,-11.171798288799788,2,49.13215179250345,3,51.44706465766115,2,42.143360740179716,2,46.78214584693177,2
28.39102828115297,-8.77179828879979,9,51.89275648805426,2,73.62384612998227,9,25.983125757479534,4,75.24509670765435,2
28.39102828115297,-9.071798288799789,4,59.711325805652685,2,62.61232184250277,4,23.383117885154824,4,73.6899892796924,2
28.39102828115297,-9.37179828879979,4,59.711325805652685,2,62.61232184250277,4,23.383117885154824,4,73.6899892796924,2
28.39102828115297,-9.671798288799788,4,61.005841960735616,2,55.04570294009101,4,27.21869279621721,2,59.95070130450963,2
28.39102828115297,-9.97179828879979,4,61.005841960735616,2,55.04570294009101,4,27.21869279621721,2,59.95070130450963,2
28.691028281152967,-10.271798288799788,2,51.91904003275772,2,63.503576090753484,2,27.615863094834435,6,52.91961455140197,2
28.691028281152967,-10.571798288799789,2,48.274648257102555,3,58.92947930632332,2,36.52413498217955,2,51.88304679752258,2
28.691028281152967,-10.871798288799793,2,48.274648257102555,3,58.92947930632332,2,36.52413498217955,2,51.88304679752258,2
28.691028281152967,-8.77179828879979,3,53.003402133734255,2,70.95016171232672,3,29.29348401945021,2,86.30190402894605,2
28.691028281152967,-9.071798288799789,4,54.70961284847995,2,68.09437338092788,4,25.778771270372065,2,62.6552511936525,3
28.691028281152967,-9.37179828879979,4,54.70961284847995,2,68.09437338092788,4,25.778771270372065,2,62.6552511936525,3
28.691028281152967,-9.671798288799788,2,57.05823333526804,2,61.95479533491881,2,29.214563595335694,2,55.5239842759632,2
28.691028281152967,-9.97179828879979,2,57.05823333526804,2,61.95479533491881,2,29.214563595335694,2,55.5239842759632,2
28.991028281152968,-10.271798288799788,2,51.91904003275772,2,63.503576090753484,2,27.615863094834435,6,52.91961455140197,2
28.991028281152968,-10.571798288799789,2,48.274648257102555,3,58.92947930632332,2,36.52413498217955,2,51.88304679752258,2
28.991028281152968,-8.471798288799791,3,51.42278950110492,2,79.75338853342059,3,32.98628561803712,2,90.8935933545099,2
28.991028281152968,-8.77179828879979,3,53.003402133734255,2,70.95016171232672,3,29.29348401945021,2,86.30190402894605,2
28.991028281152968,-9.071798288799789,4,54.70961284847995,2,68.09437338092788,4,25.778771270372065,2,62.6552511936525,3
28.991028281152968,-9.37179828879979,4,54.70961284847995,2,68.09437338092788,4,25.778771270372065,2,62.6552511936525,3
28.991028281152968,-9.671798288799788,2,57.05823333526804,2,61.95479533491881,2,29.214563595335694,2,55.5239842759632,2
28.991028281152968,-9.97179828879979,2,57.05823333526804,2,61.95479533491881,2,29.214563595335694,2,55.5239842759632,2
29.29102828115297,-7.871798288799789,3,49.609598342762524,2,82.94109374798232,3,37.20312919975368,2,80.98861473008976,2
29.29102828115297,-8.17179828879979,3,49.59759380919205,2,77.6339724649178,3,36.96855349323366,2,82.57730019734531,2
29.29102828115297,-8.471798288799791,3,49.59759380919205,2,77.6339724649178,3,36.96855349323366,2,82.57730019734531,2
29.29102828115297,-8.77179828879979,3,50.374406644883244,2,80.3438703770454,3,32.506507717469496,2,82.74952751838879,2
29.29102828115297,-9.071798288799789,3,55.2852883821631,2,58.94849220100134,3,29.69254293824465,2,58.74422136189439,3
29.29102828115297,-9.37179828879979,3,55.2852883821631,2,58.94849220100134,3,29.69254293824465,2,58.74422136189439,3
29.29102828115297,-9.671798288799788,2,61.10403345613394,2,78.83627456976744,2,33.932136250076745,2,54.327596776069825,3
29.29102828115297,-9.97179828879979,2,61.10403345613394,2,78.83627456976744,2,33.932136250076745,2,54.327596776069825,3
29.591028281152962,-6.071798288799791,3,46.06066510051086,4,44.365985100932704,3,42.353772105953325,2,70.28974588235779,3
29.591028281152962,-6.3717982887997895,3,46.06066510051086,4,44.365985100932704,3,42.353772105953325,2,70.28974588235779,3
29.591028281152962,-6.67179828879979,3,39.54011698240168,3,56.393352648857906,3,39.411829355926194,3,66.5347140069703,2
29.591028281152962,-6.971798288799791,3,39.54011698240168,3,56.393352648857906,3,39.411829355926194,3,66.5347140069703,2
29.591028281152962,-7.27179828879979,3,45.304607668122244,5,75.74326065284738,3,40.573980879986195,2,79.6251738375598,3
29.591028281152962,-7.5717982887997906,3,42.319271554489674,5,64.01775139844288,5,40.729283262460655,2,72.46242916584357,2
29.591028281152962,-7.871798288799789,3,42.319271554489674,5,64.01775139844288,5,40.729283262460655,2,72.46242916584357,2
29.591028281152962,-8.17179828879979,3,45.31940079103209,6,62.02283196385955,5,34.82265771495414,2,71.29285403393656,2
29.591028281152962,-8.471798288799791,3,45.31940079103209,6,62.02283196385955,5,34.82265771495414,2,71.29285403393656,2
29.591028281152962,-8.77179828879979,2,50.14892178584269,2,65.39704463236733,5,29.41597151512253,2,72.26601299413637,2
29.591028281152962,-9.071798288799789,2,56.64880640279383,2,86.00655319997826,2,36.181555413957916,2,75.84696985576804,2
29.591028281152962,-9.37179828879979,2,56.64880640279383,2,86.00655319997826,2,36.181555413957916,2,75.84696985576804,2
29.591028281152962,-9.671798288799788,2,56.921458534931034,2,93.21933678062865,2,37.054783718926,2,61.29625318504042,2
29.591028281152962,-9.97179828879979,2,56.921458534931034,2,93.21933678062865,2,37.054783718926,2,61.29625318504042,2
29.89102828115297,-5.471798288799791,4,42.86192861290895,5,36.232085569441885,4,43.03290813031371,2,53.17531426037594,2
29.89102828115297,-5.77179828879979,2,43.04827846539175,4,39.73050463567239,3,46.6618456678672,2,52.62151088877528,3
29.89102828115297,-6.071798288799791,3,46.06066510051086,4,44.365985100932704,3,42.353772105953325,2,70.28974588235779,3
29.89102828115297,-6.3717982887997895,3,46.06066510051086,4,44.365985100932704,3,42.353772105953325,2,70.28974588235779,3
29.89102828115297,-6.67179828879979,3,39.54011698240168,3,56.393352648857906,3,39.411829355926194,3,66.5347140069703,2
29.89102828115297,-6.971798288799791,3,39.54011698240168,3,56.393352648857906,3,39.411829355926194,3,66.5347140069703,2
29.89102828115297,-7.27179828879979,3,45.304607668122244,5,75.74326065284738,3,40.573980879986195,2,79.6251738375598,3
29.89102828115297,-7.5717982887997906,3,42.319271554489674,5,64.01775139844288,5,40.729283262460655,2,72.46242916584357,2
29.89102828115297,-7.871798288799789,3,42.319271554489674,5,64.01775139844288,5,40.729283262460655,2,72.46242916584357,2
29.89102828115297,-8.17179828879979,3,45.31940079103209,6,62.02283196385955,5,34.82265771495414,2,71.29285403393656,2
29.89102828115297,-8.471798288799791,3,45.31940079103209,6,62.02283196385955,5,34.82265771495414,2,71.29285403393656,2
29.89102828115297,-8.77179828879979,2,50.14892178584269,2,65.39704463236733,5,29.41597151512253,2,72.26601299413637,2
29.89102828115297,-9.071798288799789,2,56.64880640279383,2,86.00655319997826,2,36.181555413957916,2,75.84696985576804,2
29.89102828115297,-9.37179828879979,2,56.64880640279383,2,86.00655319997826,2,36.181555413957916,2,75.84696985576804,2
29.89102828115297,-9.671798288799788,2,56.921458534931034,2,93.21933678062865,2,37.054783718926,2,61.29625318504042,2
30.191028281152967,-4.8717982887997895,2,42.36367335398231,4,49.128789504056115,3,37.85817712159738,2,53.07801416788832,2
30.191028281152967,-5.17179828879979,3,45.20762366228648,4,42.276545895468466,3,41.2314462762868,2,57.105274067125535,3
30.191028281152967,-5.471798288799791,3,45.20762366228648,4,42.276545895468466,3,41.2314462762868,2,57.105274067125535,3
30.191028281152967,-5.77179828879979,2,44.15928833688178,4,48.293058497338265,3,40.66135319913169,3,66.13508511804397,3
30.191028281152967,-6.071798288799791,3,43.1732070460035,2,48.11505376169968,3,59.15234448458162,2,70.20846746122537,3
30.191028281152967,-6.3717982887997895,3,43.1732070460035,2,48.11505376169968,3,59.15234448458162,2,70.20846746122537,3
30.191028281152967,-6.67179828879979,3,44.86076271495526,5,56.39251631460533,4,61.34793487956665,2,79.88320005169723,2
30.191028281152967,-6.971798288799791,3,44.86076271495526,5,56.39251631460533,4,61.34793487956665,2,79.88320005169723,2
30.191028281152967,-7.27179828879979,3,44.0366892579313,2,66.25772801717888,7,42.74077096312127,4,84.25703709361142,4
30.191028281152967,-7.5717982887997906,3,45.49088414493808,4,66.70662002349916,3,39.801072092826146,3,69.11161743966498,4
30.191028281152967,-7.871798288799789,3,45.49088414493808,4,66.70662002349916,3,39.801072092826146,3,69.11161743966498,4
30.191028281152967,-8.17179828879979,2,43.58450737491122,3,65.37745006060987,2,28.410783321785985,2,65.47104896350295,3
30.191028281152967,-8.471798288799791,2,43.58450737491122,3,65.37745006060987,2,28.410783321785985,2,65.47104896350295,3
30.191028281152967,-8.77179828879979,2,50.50495096928077,2,65.58929581338856,3,39.414240025921096,2,74.06021345449527,2
30.191028281152967,-9.071798288799789,2,45.54398724494123,2,89.90210549225162,2,35.51011020433031,3,76.87039510419214,2
30.191028281152967,-9.37179828879979,2,45.54398724494123,2,89.90210549225162,2,35.51011020433031,3,76.87039510419214,2
30.491028281152964,-4.571798288799791,2,42.36367335398231,4,49.128789504056115,3,37.85817712159738,2,53.07801416788832,2
30.491028281152964,-4.8717982887997895,2,42.36367335398231,4,49.128789504056115,3,37.85817712159738,2,53.07801416788832,2
30.491028281152964,-5.17179828879979,3,45.20762366228648,4,42.276545895468466,3,41.2314462762868,2,57.105274067125535,3
30.491028281152964,-5.471798288799791,3,45.20762366228648,4,42.276545895468466,3,41.2314462762868,2,57.105274067125535,3
30.491028281152964,-5.77179828879979,2,44.15928833688178,4,48.293058497338265,3,40.66135319913169,3,66.13508511804397,3
30.491028281152964,-6.071798288799791,3,43.1732070460035,2,48.11505376169968,3,59.15234448458162,2,70.20846746122537,3
30.491028281152964,-6.3717982887997895,3,43.1732070460035,2,48.11505376169968,3,59.15234448458162,2,70.20846746122537,3
30.491028281152964,-6.67179828879979,3,44.86076271495526,5,56.39251631460533,4,61.34793487956665,2,79.88320005169723,2
30.491028281152964,-6.971798288799791,3,44.86076271495526,5,56.39251631460533,4,61.34793487956665,2,79.88320005169723,2
30.491028281152964,-7.27179828879979,3,44.0366892579313,2,66.25772801717888,7,42.74077096312127,4,84.25703709361142,4
30.491028281152964,-7.5717982887997906,3,45.49088414493808,4,66.70662002349916,3,39.801072092826146,3,69.11161743966498,4
30.491028281152964,-7.871798288799789,3,45.49088414493808,4,66.70662002349916,3,39.801072092826146,3,69.11161743966498,4
30.491028281152964,-8.17179828879979,2,43.58450737491122,3,65.37745006060987,2,28.410783321785985,2,65.47104896350295,3
30.491028281152964,-8.471798288799791,2,43.58450737491122,3,65.37745006060987,2,28.410783321785985,2,65.47104896350295,3
30.491028281152964,-8.77179828879979,2,50.50495096928077,2,65.58929581338856,3,39.414240025921096,2,74.06021345449527,2
30.491028281152964,-9.071798288799789,2,45.54398724494123,2,89.90210549225162,2,35.51011020433031,3,76.87039510419214,2
30.491028281152964,-9.37179828879979,2,45.54398724494123,2,89.90210549225162,2,35.51011020433031,3,76.87039510419214,2
30.491028281152964,-9.671798288799788,2,52.27583760502838,2,92.08899265977125,2,34.17135404681656,2,66.79201988083494,2
30.79102828115297,-3.67179828879979,2,44.11716625561788,3,66.17247094738272,8,37.31998341910408,2,61.533130366671564,3
30.79102828115297,-3.971798288799791,2,44.11716625561788,3,66.17247094738272,8,37.31998341910408,2,61.533130366671564,3
30.79102828115297,-4.27179828879979,2,46.818134730439105,4,62.27874859952585,2,38.08154917635483,3,60.90432644501116,3
30.79102828115297,-4.571798288799791,2,46.135261239799995,4,49.71149029062121,2,39.01921416796463,2,63.37019318695397,3
30.79102828115297,-4.8717982887997895,2,46.135261239799995,4,49.71149029062121,2,39.01921416796463,2,63.37019318695397,3
30.79102828115297,-5.17179828879979,3,46.034534261923866,4,57.76451083105572,3,40.79841719978153,2,56.84204316517396,4
30.79102828115297,-5.471798288799791,3,46.034534261923866,4,57.76451083105572,3,40.79841719978153,2,56.84204316517396,4
30.79102828115297,-5.77179828879979,2,46.23207826978595,4,59.12235254761889,3,46.76332327645551,2,68.2520428940881,3
30.79102828115297,-6.071798288799791,2,42.68392922438148,3,53.409396290703235,2,54.46948717115465,3,66.70833792195162,3
30.79102828115297,-6.3717982887997895,2,42.68392922438148,3,53.409396290703235,2,54.46948717115465,3,66.70833792195162,3
30.79102828115297,-6.67179828879979,3,43.006275901407,5,52.7371182038796,3,58.16032667046132,3,76.36385419332024,2
30.79102828115297,-6.971798288799791,3,43.006275901407,5,52.7371182038796,3,58.16032667046132,3,76.36385419332024,2
30.79102828115297,-7.27179828879979,3,43.241144805680804,4,47.326885265488684,3,55.09702341993857,3,69.36730930235997,4
30.79102828115297,-7.5717982887997906,2,41.729015615626864,4,58.481022215151846,2,44.9007254584609,3,64.78634711494632,2
30.79102828115297,-7.871798288799789,2,41.729015615626864,4,58.481022215151846,2,44.9007254584609,3,64.78634711494632,2
30.79102828115297,-8.17179828879979,2,42.333212418244614,3,67.34592004605621,2,44.591872376858994,2,72.34878164127718,2
30.79102828115297,-8.471798288799791,2,42.333212418244614,3,67.34592004605621,2,44.591872376858994,2,72.34878164127718,2
30.79102828115297,-8.77179828879979,2,40.17564898609969,3,68.97115928830341,2,44.4783252977814,3,79.52368147291075,2
30.79102828115297,-9.071798288799789,3,49.347503363017154,2,70.90316609018244,3,32.40928779407807,2,85.30099317035379,2
30.79102828115297,-9.37179828879979,3,49.347503363017154,2,70.90316609018244,3,32.40928779407807,2,85.30099317035379,2
30.79102828115297,-9.671798288799788,3,45.95062121402394,2,60.99021977203991,3,31.16639579511506,2,83.32991566255834,2
31.091028281152962,-3.67179828879979,2,43.411302871241006,3,53.93640063500014,3,34.65200262388573,2,70.10330217548746,5
31.091028281152962,-3.971798288799791,2,43.411302871241006,3,53.93640063500014,3,34.65200262388573,2,70.10330217548746,5
31.091028281152962,-4.27179828879979,3,43.95158079779527,4,42.37940457595831,5,42.902916675987726,2,68.50523182223391,4
31.091028281152962,-4.571798288799791,3,46.44148958803837,4,45.108945965583274,3,44.74517326156263,2,67.93850382474534,2
31.091028281152962,-4.8717982887997895,3,46.44148958803837,4,45.108945965583274,3,44.74517326156263,2,67.93850382474534,2
31.091028281152962,-5.17179828879979,3,46.69073710806616,4,48.961257508326334,3,45.986121024454725,3,69.53932007519047,2
31.091028281152962,-5.471798288799791,3,46.69073710806616,4,48.961257508326334,3,45.986121024454725,3,69.53932007519047,2
31.091028281152962,-5.77179828879979,2,41.69529320645892,8,44.39023630510328,3,52.70919143275594,3,64.81580319264253,2
31.091028281152962,-6.071798288799791,2,41.49413615182148,3,41.748535285217244,2,58.85632638567252,3,55.739586664978205,4
31.091028281152962,-6.3717982887997895,2,41.49413615182148,3,41.748535285217244,2,58.85632638567252,3,55.739586664978205,4
31.091028281152962,-6.67179828879979,2,40.7638369416078,2,46.113695300988226,2,45.8791523819793,3,60.45939054404037,3
31.091028281152962,-6.971798288799791,2,40.7638369416078,2,46.113695300988226,2,45.8791523819793,3,60.45939054404037,3
31.091028281152962,-7.27179828879979,2,42.11516940425828,2,45.632733471982114,2,46.90530373789138,2,57.36644145829188,3
31.091028281152962,-7.5717982887997906,2,44.2443349137874,2,52.75725962042086,2,47.81884209799073,2,55.035726654748075,2
31.091028281152962,-7.871798288799789,2,44.2443349137874,2,52.75725962042086,2,47.81884209799073,2,55.035726654748075,2
31.091028281152962,-8.17179828879979,2,41.58960897855686,2,63.09601172837079,2,49.064447943538525,2,58.32202763996414,3
31.091028281152962,-8.471798288799791,2,41.58960897855686,2,63.09601172837079,2,49.064447943538525,2,58.32202763996414,3
31.091028281152962,-8.77179828879979,2,40.01057200883137,2,62.60009645098221,2,50.152284901195046,3,65.30337254002275,2
31.091028281152962,-9.071798288799789,2,47.430175321626415,2,65.24935322398248,3,31.833703408877028,3,74.65945552150737,2
31.091028281152962,-9.37179828879979,2,47.430175321626415,2,65.24935322398248,3,31.833703408877028,3,74.65945552150737,2
31.091028281152962,-9.671798288799788,3,43.812756912953375,3,74.78298498533529,3,33.85639198532368,2,72.47825904975184,2
31.39102828115297,-3.67179828879979,2,43.411302871241006,3,53.93640063500014,3,34.65200262388573,2,70.10330217548746,5
31.39102828115297,-3.971798288799791,2,43.411302871241006,3,53.93640063500014,3,34.65200262388573,2,70.10330217548746,5
31.39102828115297,-4.27179828879979,3,43.95158079779527,4,42.37940457595831,5,42.902916675987726,2,68.50523182223391,4
31.39102828115297,-4.571798288799791,3,46.44148958803837,4,45.108945965583274,3,44.74517326156263,2,67.93850382474534,2
31.39102828115297,-4.8717982887997895,3,46.44148958803837,4,45.108945965583274,3,44.74517326156263,2,67.93850382474534,2
31.39102828115297,-5.17179828879979,3,46.69073710806616,4,48.961257508326334,3,45.986121024454725,3,69.53932007519047,2
31.39102828115297,-5.471798288799791,3,46.69073710806616,4,48.961257508326334,3,45.986121024454725,3,69.53932007519047,2
31.39102828115297,-5.77179828879979,2,41.69529320645892,8,44.39023630510328,3,52.70919143275594,3,64.81580319264253,2
31.39102828115297,-6.071798288799791,2,41.49413615182148,3,41.748535285217244,2,58.85632638567252,3,55.739586664978205,4
31.39102828115297,-6.3717982887997895,2,41.49413615182148,3,41.748535285217244,2,58.85632638567252,3,55.739586664978205,4
31.39102828115297,-6.67179828879979,2,40.7638369416078,2,46.113695300988226,2,45.8791523819793,3,60.45939054404037,3
31.39102828115297,-6.971798288799791,2,40.7638369416078,2,46.113695300988226,2,45.8791523819793,3,60.45939054404037,3
31.39102828115297,-7.27179828879979,2,42.11516940425828,2,45.632733471982114,2,46.90530373789138,2,57.36644145829188,3
31.39102828115297,-7.5717982887997906,2,44.2443349137874,2,52.75725962042086,2,47.81884209799073,2,55.035726654748075,2
31.39102828115297,-7.871798288799789,2,44.2443349137874,2,52.75725962042086,2,47.81884209799073,2,55.035726654748075,2
31.39102828115297,-8.17179828879979,2,41.58960897855686,2,63.09601172837079,2,49.064447943538525,2,58.32202763996414,3
31.39102828115297,-8.471798288799791,2,41.58960897855686,2,63.09601172837079,2,49.064447943538525,2,58.32202763996414,3
31.39102828115297,-8.77179828879979,2,40.01057200883137,2,62.60009645098221,2,50.152284901195046,3,65.30337254002275,2
31.39102828115297,-9.071798288799789,2,47.430175321626415,2,65.24935322398248,3,31.833703408877028,3,74.65945552150737,2
31.39102828115297,-9.37179828879979,2,47.430175321626415,2,65.24935322398248,3,31.833703408877028,3,74.65945552150737,2
31.39102828115297,-9.671798288799788,3,43.812756912953375,3,74.78298498533529,3,33.85639198532368,2,72.47825904975184,2
31.691028281152967,-3.3717982887997917,2,42.229818310013925,5,66.98129608533938,2,34.39060200485819,2,82.52209127264801,5
31.691028281152967,-3.67179828879979,2,39.20266250698019,4,50.81786094749308,2,34.22915090532237,2,74.76901060139664,5
31.691028281152967,-3.971798288799791,2,39.20266250698019,4,50.81786094749308,2,34.22915090532237,2,74.76901060139664,5
31.691028281152967,-4.27179828879979,3,42.3233674767738,4,33.79509059825696,4,41.81121264791006,2,66.77056156848005,4
31.691028281152967,-4.571798288799791,2,40.57559295919421,2,34.508144730544416,2,51.022860519391635,2,58.68418070638229,4
31.691028281152967,-4.8717982887997895,2,40.57559295919421,2,34.508144730544416,2,51.022860519391635,2,58.68418070638229,4
31.691028281152967,-5.17179828879979,2,40.30880348058568,2,35.7229766569246,2,43.55846682395794,2,58.28739466197565,4
31.691028281152967,-5.471798288799791,2,40.30880348058568,2,35.7229766569246,2,43.55846682395794,2,58.28739466197565,4
31.691028281152967,-5.77179828879979,2,38.15237335679217,7,46.50887689022485,2,50.56285388410488,3,47.10249703953702,5
31.691028281152967,-6.071798288799791,2,39.65816718956688,2,50.666367466549765,2,42.319861635462935,3,41.48505943277494,2
31.691028281152967,-6.3717982887997895,2,39.65816718956688,2,50.666367466549765,2,42.319861635462935,3,41.48505943277494,2
31.691028281152967,-6.67179828879979,2,43.20275022272104,2,52.74656285842363,2,51.11841848601977,2,50.64920502832355,2
31.691028281152967,-6.971798288799791,2,43.20275022272104,2,52.74656285842363,2,51.11841848601977,2,50.64920502832355,2
31.691028281152967,-7.27179828879979,2,46.06602524176829,2,51.22606111764035,2,50.351774031772955,2,42.013692948710805,3
31.691028281152967,-7.5717982887997906,2,45.263686516775074,2,42.08542492627491,2,60.187554479458605,2,49.42845562806347,3
31.691028281152967,-7.871798288799789,2,45.263686516775074,2,42.08542492627491,2,60.187554479458605,2,49.42845562806347,3
31.691028281152967,-8.17179828879979,2,42.968700353961566,2,45.155372226537416,2,62.42996016078719,2,49.36737135762591,3
31.691028281152967,-8.471798288799791,2,42.968700353961566,2,45.155372226537416,2,62.42996016078719,2,49.36737135762591,3
31.691028281152967,-8.77179828879979,3,39.7958255273055,2,42.108139900447306,5,59.11989869372582,3,46.87438606754438,3
31.691028281152967,-9.071798288799789,2,42.11565325774381,2,49.59627083191116,3,46.735201632412945,3,61.94661457187866,2
31.691028281152967,-9.37179828879979,2,42.11565325774381,2,49.59627083191116,3,46.735201632412945,3,61.94661457187866,2
31.691028281152967,-9.671798288799788,3,52.929930643839334,2,63.686588266902994,3,46.21825874317851,2,58.62161207157904,2
31.991028281152964,-3.0717982887997906,2,42.229818310013925,5,66.98129608533938,2,34.39060200485819,2,82.52209127264801,5
31.991028281152964,-3.3717982887997917,2,42.229818310013925,5,66.98129608533938,2,34.39060200485819,2,82.52209127264801,5
31.991028281152964,-3.67179828879979,2,39.20266250698019,4,50.81786094749308,2,34.22915090532237,2,74.76901060139664,5
31.991028281152964,-3.971798288799791,2,39.20266250698019,4,50.81786094749308,2,34.22915090532237,2,74.76901060139664,5
31.991028281152964,-4.27179828879979,3,42.3233674767738,4,33.79509059825696,4,41.81121264791006,2,66.77056156848005,4
31.991028281152964,-4.571798288799791,2,40.57559295919421,2,34.508144730544416,2,51.022860519391635,2,58.68418070638229,4
31.991028281152964,-4.8717982887997895,2,40.57559295919421,2,34.508144730544416,2,51.022860519391635,2,58.68418070638229,4
31.991028281152964,-5.17179828879979,2,40.30880348058568,2,35.7229766569246,2,43.55846682395794,2,58.28739466197565,4
31.991028281152964,-5.471798288799791,2,40.30880348058568,2,35.7229766569246,2,43.55846682395794,2,58.28739466197565,4
31.991028281152964,-5.77179828879979,2,38.15237335679217,7,46.50887689022485,2,50.56285388410488,3,47.10249703953702,5
31.991028281152964,-6.071798288799791,2,39.65816718956688,2,50.666367466549765,2,42.319861635462935,3,41.48505943277494,2
31.991028281152964,-6.3717982887997895,2,39.65816718956688,2,50.666367466549765,2,42.319861635462935,3,41.48505943277494,2
31.991028281152964,-6.67179828879979,2,43.20275022272104,2,52.74656285842363,2,51.11841848601977,2,50.64920502832355,2
31.991028281152964,-6.971798288799791,2,43.20275022272104,2,52.74656285842363,2,51.11841848601977,2,50.64920502832355,2
31.991028281152964,-7.27179828879979,2,46.06602524176829,2,51.22606111764035,2,50.351774031772955,2,42.013692948710805,3
31.991028281152964,-7.5717982887997906,2,45.263686516775074,2,42.08542492627491,2,60.187554479458605,2,49.42845562806347,3
31.991028281152964,-7.871798288799789,2,45.263686516775074,2,42.08542492627491,2,60.187554479458605,2,49.42845562806347,3
31.991028281152964,-8.17179828879979,2,42.968700353961566,2,45.155372226537416,2,62.42996016078719,2,49.36737135762591,3
31.991028281152964,-8.471798288799791,2,42.968700353961566,2,45.155372226537416,2,62.42996016078719,2,49.36737135762591,3
31.991028281152964,-8.77179828879979,3,39.7958255273055,2,42.108139900447306,5,59.11989869372582,3,46.87438606754438,3
31.991028281152964,-9.071798288799789,2,42.11565325774381,2,49.59627083191116,3,46.735201632412945,3,61.94661457187866,2
31.991028281152964,-9.37179828879979,2,42.11565325774381,2,49.59627083191116,3,46.735201632412945,3,61.94661457187866,2
32.29102828115297,-1.2717982887997898,2,46.111616745702484,5,54.87203858373626,2,32.70563366169236,2,89.44857166603133,9
32.29102828115297,-1.5717982887997906,2,44.896825344475765,4,57.56112625261189,2,38.807446579279215,2,89.35682266930554,9
32.29102828115297,-1.8717982887997917,2,44.896825344475765,4,57.56112625261189,2,38.807446579279215,2,89.35682266930554,9
32.29102828115297,-2.17179828879979,2,43.02786078262471,5,54.0254677743617,2,31.194702114263155,3,78.78377701415549,5
32.29102828115297,-2.471798288799791,2,43.02786078262471,5,54.0254677743617,2,31.194702114263155,3,78.78377701415549,5
32.29102828115297,-2.7717982887997903,2,39.1476937634727,4,56.53161375438917,2,34.306770459519875,2,74.52229333297765,5
32.29102828115297,-3.0717982887997906,2,36.02656648808915,5,57.27733908174807,2,42.19729078198686,2,74.59188267122597,5
32.29102828115297,-3.3717982887997917,2,36.02656648808915,5,57.27733908174807,2,42.19729078198686,2,74.59188267122597,5
32.29102828115297,-3.67179828879979,2,41.017537997114346,6,43.286195403871105,2,46.24219489507155,2,56.39950588640902,4
32.29102828115297,-3.971798288799791,2,41.017537997114346,6,43.286195403871105,2,46.24219489507155,2,56.39950588640902,4
32.29102828115297,-4.27179828879979,2,41.19888676967992,3,39.70907807890886,2,48.97576518204359,2,55.90724316424058,4
32.29102828115297,-4.571798288799791,2,37.5520012278828,3,44.98681677881152,2,50.30109950716341,2,47.2992481050255,3
32.29102828115297,-4.8717982887997895,2,37.5520012278828,3,44.98681677881152,2,50.30109950716341,2,47.2992481050255,3
32.29102828115297,-5.17179828879979,2,35.73149078494608,2,41.83647154368932,2,49.464132314989236,3,38.999317895014435,2
32.29102828115297,-5.471798288799791,2,35.73149078494608,2,41.83647154368932,2,49.464132314989236,3,38.999317895014435,2
32.29102828115297,-5.77179828879979,2,34.81032733121398,2,44.68098898231448,2,50.84486037001161,3,45.10340347420093,2
32.29102828115297,-6.071798288799791,3,42.63559470340032,2,45.294671095931115,3,38.14937962275176,2,46.200198373893926,2
32.29102828115297,-6.3717982887997895,3,42.63559470340032,2,45.294671095931115,3,38.14937962275176,2,46.200198373893926,2
32.29102828115297,-6.67179828879979,2,45.65296667623337,2,60.98583341354297,2,43.46378175304503,4,57.51559626427549,2
32.29102828115297,-6.971798288799791,2,45.65296667623337,2,60.98583341354297,2,43.46378175304503,4,57.51559626427549,2
32.29102828115297,-7.27179828879979,2,45.58935427559727,2,61.41901023966858,2,65.43755970975101,2,55.1616477450968,2
32.29102828115297,-7.5717982887997906,2,41.21798540324235,2,55.75414574959422,2,61.12092267691344,2,58.224443742687285,2
32.29102828115297,-7.871798288799789,2,41.21798540324235,2,55.75414574959422,2,61.12092267691344,2,58.224443742687285,2
32.29102828115297,-8.17179828879979,2,39.887302390699304,2,60.17893345759963,2,55.95712916571722,2,51.62417673907265,6
32.29102828115297,-8.471798288799791,2,39.887302390699304,2,60.17893345759963,2,55.95712916571722,2,51.62417673907265,6
32.29102828115297,-8.77179828879979,2,40.37854038231092,2,60.85294172836032,2,65.19746338730232,2,59.39103415724489,2
32.29102828115297,-9.071798288799789,2,45.54331353247108,4,55.90573185731067,3,45.18632534134962,3,51.54750202349617,2
32.591028281152965,-1.2717982887997898,4,45.41628725261571,3,51.71407421639334,6,43.13725300788133,2,78.06667682670331,4
32.591028281152965,-1.5717982887997906,3,44.502098510756944,5,49.95614648479157,5,46.124668948343775,2,74.18942557290848,6
32.591028281152965,-1.8717982887997917,3,44.502098510756944,5,49.95614648479157,5,46.124668948343775,2,74.18942557290848,6
32.591028281152965,-2.17179828879979,3,43.24472655385408,5,49.678637182661554,4,43.38887257951225,2,76.6243796207865,4
32.591028281152965,-2.471798288799791,3,43.24472655385408,5,49.678637182661554,4,43.38887257951225,2,76.6243796207865,4
32.591028281152965,-2.7717982887997903,3,41.34169980719583,5,56.198830755519985,6,38.816007966726815,2,76.03458350926192,4
32.591028281152965,-3.0717982887997906,3,40.85815689070985,3,44.17089317154566,6,41.73075198240095,2,67.67528812941404,4
32.591028281152965,-3.3717982887997917,3,40.85815689070985,3,44.17089317154566,6,41.73075198240095,2,67.67528812941404,4
32.591028281152965,-3.67179828879979,2,41.772384096804714,7,40.12438367683498,2,42.81657583512907,2,52.71053931469697,4
32.591028281152965,-3.971798288799791,2,41.772384096804714,7,40.12438367683498,2,42.81657583512907,2,52.71053931469697,4
32.591028281152965,-4.27179828879979,3,41.29952026158981,7,37.18845834731375,2,52.495035704215574,3,42.069246478439624,8
32.591028281152965,-4.571798288799791,3,36.0544807899843,5,39.526690391924916,2,60.66854259191469,3,41.479261326951836,2
32.591028281152965,-4.8717982887997895,3,36.0544807899843,5,39.526690391924916,2,60.66854259191469,3,41.479261326951836,2
32.591028281152965,-5.17179828879979,2,35.657863786071395,2,40.373356808566605,2,55.54425310149655,2,46.66366784069196,2
32.591028281152965,-5.471798288799791,2,35.657863786071395,2,40.373356808566605,2,55.54425310149655,2,46.66366784069196,2
32.591028281152965,-5.77179828879979,2,31.639629790998953,5,48.29232450747145,2,46.97451466028102,2,50.226363494421015,2
32.591028281152965,-6.071798288799791,2,35.38773334434827,2,47.619806242917186,2,49.842508592761725,2,61.880964492236785,2
32.591028281152965,-6.3717982887997895,2,35.38773334434827,2,47.619806242917186,2,49.842508592761725,2,61.880964492236785,2
32.591028281152965,-6.67179828879979,2,44.7434046102997,2,51.46330769895669,2,51.26316236521563,3,51.560269551937395,2
32.591028281152965,-6.971798288799791,2,44.7434046102997,2,51.46330769895669,2,51.26316236521563,3,51.560269551937395,2
32.591028281152965,-7.27179828879979,2,47.19397852892059,2,67.905821507625,2,56.037818679800765,2,65.91034341326898,2
32.591028281152965,-7.5717982887997906,2,42.315262254550916,2,68.02695050011566,2,55.74968552041079,2,67.48914227946274,2
32.591028281152965,-7.871798288799789,2,42.315262254550916,2,68.02695050011566,2,55.74968552041079,2,67.48914227946274,2
32.591028281152965,-8.17179828879979,2,41.23616501598163,2,69.95306251282523,2,59.651036012309326,2,53.540037189402256,4
32.591028281152965,-8.471798288799791,2,41.23616501598163,2,69.95306251282523,2,59.651036012309326,2,53.540037189402256,4
32.591028281152965,-8.77179828879979,2,46.788873412234366,3,65.77145103923361,2,59.475431280129484,2,66.13108664396901,2
32.591028281152965,-9.071798288799789,2,47.53581611005976,2,56.669633212567035,2,53.978692171950776,3,46.16518591190225,2
32.89102828115297,-1.5717982887997906,3,44.502098510756944,5,49.95614648479157,5,46.124668948343775,2,74.18942557290848,6
32.89102828115297,-1.8717982887997917,3,44.502098510756944,5,49.95614648479157,5,46.124668948343775,2,74.18942557290848,6
32.89102828115297,-2.17179828879979,3,43.24472655385408,5,49.678637182661554,4,43.38887257951225,2,76.6243796207865,4
32.89102828115297,-2.471798288799791,3,43.24472655385408,5,49.678637182661554,4,43.38887257951225,2,76.6243796207865,4
32.89102828115297,-2.7717982887997903,3,41.34169980719583,5,56.198830755519985,6,38.816007966726815,2,76.03458350926192,4
32.89102828115297,-3.0717982887997906,3,40.85815689070985,3,44.17089317154566,6,41.73075198240095,2,67.67528812941404,4
32.89102828115297,-3.3717982887997917,3,40.85815689070985,3,44.17089317154566,6,41.73075198240095,2,67.67528812941404,4
32.89102828115297,-3.67179828879979,2,41.772384096804714,7,40.12438367683498,2,42.81657583512907,2,52.71053931469697,4
32.89102828115297,-3.971798288799791,2,41.772384096804714,7,40.12438367683498,2,42.81657583512907,2,52.71053931469697,4
32.89102828115297,-4.27179828879979,3,41.29952026158981,7,37.18845834731375,2,52.495035704215574,3,42.069246478439624,8
32.89102828115297,-4.571798288799791,3,36.0544807899843,5,39.526690391924916,2,60.66854259191469,3,41.479261326951836,2
32.89102828115297,-4.8717982887997895,3,36.0544807899843,5,39.526690391924916,2,60.66854259191469,3,41.479261326951836,2
32.89102828115297,-5.17179828879979,2,35.657863786071395,2,40.373356808566605,2,55.54425310149655,2,46.66366784069196,2
32.89102828115297,-5.471798288799791,2,35.657863786071395,2,40.373356808566605,2,55.54425310149655,2,46.66366784069196,2
32.89102828115297,-5.77179828879979,2,31.639629790998953,5,48.29232450747145,2,46.97451466028102,2,50.226363494421015,2
32.89102828115297,-6.071798288799791,2,35.38773334434827,2,47.619806242917186,2,49.842508592761725,2,61.880964492236785,2
32.89102828115297,-6.3717982887997895,2,35.38773334434827,2,47.619806242917186,2,49.842508592761725,2,61.880964492236785,2
32.89102828115297,-6.67179828879979,2,44.7434046102997,2,51.46330769895669,2,51.26316236521563,3,51.560269551937395,2
32.89102828115297,-6.971798288799791,2,44.7434046102997,2,51.46330769895669,2,51.26316236521563,3,51.560269551937395,2
32.89102828115297,-7.27179828879979,2,47.19397852892059,2,67.905821507625,2,56.037818679800765,2,65.91034341326898,2
32.89102828115297,-7.5717982887997906,2,42.315262254550916,2,68.02695050011566,2,55.74968552041079,2,67.48914227946274,2
32.89102828115297,-7.871798288799789,2,42.315262254550916,2,68.02695050011566,2,55.74968552041079,2,67.48914227946274,2
32.89102828115297,-8.17179828879979,2,41.23616501598163,2,69.95306251282523,2,59.651036012309326,2,53.540037189402256,4
32.89102828115297,-8.471798288799791,2,41.23616501598163,2,69.95306251282523,2,59.651036012309326,2,53.540037189402256,4
32.89102828115297,-8.77179828879979,2,46.788873412234366,3,65.77145103923361,2,59.475431280129484,2,66.13108664396901,2
33.19102828115297,-1.8717982887997917,3,45.575288027961754,3,46.078502235649005,4,49.83839831169831,2,67.9386890058044,6
33.19102828115297,-2.17179828879979,3,40.575967042193184,3,47.80780692330512,7,46.71093880910548,2,70.36373602909718,6
33.19102828115297,-2.471798288799791,3,40.575967042193184,3,47.80780692330512,7,46.71093880910548,2,70.36373602909718,6
33.19102828115297,-2.7717982887997903,3,40.24664682911085,5,44.16661610245077,5,45.967925810909165,2,72.82696057148655,4
33.19102828115297,-3.0717982887997906,2,39.15528388883624,9,42.685155414234764,2,36.968143820671244,2,62.33268911070748,6
33.19102828115297,-3.3717982887997917,2,39.15528388883624,9,42.685155414234764,2,36.968143820671244,2,62.33268911070748,6
33.19102828115297,-3.67179828879979,2,41.245730742563254,6,43.36497642656098,2,44.767401748738784,3,55.82152151215648,6
33.19102828115297,-3.971798288799791,2,41.245730742563254,6,43.36497642656098,2,44.767401748738784,3,55.82152151215648,6
33.19102828115297,-4.27179828879979,3,43.84572430430396,2,43.557077775271885,2,56.12471462599431,3,55.62924904969436,6
33.19102828115297,-4.571798288799791,2,43.03480422789779,2,44.056314490790925,3,58.71032282184091,3,50.60590480548841,2
33.19102828115297,-4.8717982887997895,2,43.03480422789779,2,44.056314490790925,3,58.71032282184091,3,50.60590480548841,2
33.19102828115297,-5.17179828879979,2,36.307892878598935,2,46.81769175204447,4,54.89116038937004,2,53.701371259133836,2
33.19102828115297,-5.471798288799791,2,36.307892878598935,2,46.81769175204447,4,54.89116038937004,2,53.701371259133836,2
33.19102828115297,-5.77179828879979,3,32.46137427884927,3,47.51810277180199,2,60.93585701196808,2,50.767567368786175,3
33.19102828115297,-6.071798288799791,3,34.17066554823098,3,58.103156224852164,3,56.842488228288495,2,55.62047335930503,2
33.19102828115297,-6.3717982887997895,3,34.17066554823098,3,58.103156224852164,3,56.842488228288495,2,55.62047335930503,2
33.19102828115297,-6.67179828879979,3,36.18958929558433,3,65.71136106790904,3,57.95717461092229,2,56.56356888609476,2
33.19102828115297,-6.971798288799791,3,36.18958929558433,3,65.71136106790904,3,57.95717461092229,2,56.56356888609476,2
33.19102828115297,-7.27179828879979,3,47.123408144059134,2,62.76885518142238,3,63.13600447278894,2,54.434722395423286,2
33.19102828115297,-7.5717982887997906,2,46.55068729786478,3,70.12947640190953,2,68.11629909612228,2,67.46538189406397,2
33.19102828115297,-7.871798288799789,2,46.55068729786478,3,70.12947640190953,2,68.11629909612228,2,67.46538189406397,2
33.19102828115297,-8.17179828879979,2,46.27844776853013,3,64.47528147487222,2,61.33538708625928,2,64.20785926874287,2
33.19102828115297,-8.471798288799791,2,46.27844776853013,3,64.47528147487222,2,61.33538708625928,2,64.20785926874287,2
33.491028281152964,-1.8717982887997917,3,45.575288027961754,3,46.078502235649005,4,49.83839831169831,2,67.9386890058044,6
33.491028281152964,-2.17179828879979,3,40.575967042193184,3,47.80780692330512,7,46.71093880910548,2,70.36373602909718,6
33.491028281152964,-2.471798288799791,3,40.575967042193184,3,47.80780692330512,7,46.71093880910548,2,70.36373602909718,6
33.491028281152964,-2.7717982887997903,3,40.24664682911085,5,44.16661610245077,5,45.967925810909165,2,72.82696057148655,4
33.491028281152964,-3.0717982887997906,2,39.15528388883624,9,42.685155414234764,2,36.968143820671244,2,62.33268911070748,6
33.491028281152964,-3.3717982887997917,2,39.15528388883624,9,42.685155414234764,2,36.968143820671244,2,62.33268911070748,6
33.491028281152964,-3.67179828879979,2,41.245730742563254,6,43.36497642656098,2,44.767401748738784,3,55.82152151215648,6
33.491028281152964,-3.971798288799791,2,41.245730742563254,6,43.36497642656098,2,44.767401748738784,3,55.82152151215648,6
33.491028281152964,-4.27179828879979,3,43.84572430430396,2,43.557077775271885,2,56.12471462599431,3,55.62924904969436,6
33.491028281152964,-4.571798288799791,2,43.03480422789779,2,44.056314490790925,3,58.71032282184091,3,50.60590480548841,2
33.491028281152964,-4.8717982887997895,2,43.03480422789779,2,44.056314490790925,3,58.71032282184091,3,50.60590480548841,2
33.491028281152964,-5.17179828879979,2,36.307892878598935,2,46.81769175204447,4,54.89116038937004,2,53.701371259133836,2
33.491028281152964,-5.471798288799791,2,36.307892878598935,2,46.81769175204447,4,54.89116038937004,2,53.701371259133836,2
33.491028281152964,-5.77179828879979,3,32.46137427884927,3,47.51810277180199,2,60.93585701196808,2,50.767567368786175,3
33.491028281152964,-6.071798288799791,3,34.17066554823098,3,58.103156224852164,3,56.842488228288495,2,55.62047335930503,2
33.491028281152964,-6.3717982887997895,3,34.17066554823098,3,58.103156224852164,3,56.842488228288495,2,55.62047335930503,2
33.491028281152964,-6.67179828879979,3,36.18958929558433,3,65.71136106790904,3,57.95717461092229,2,56.56356888609476,2
33.491028281152964,-6.971798288799791,3,36.18958929558433,3,65.71136106790904,3,57.95717461092229,2,56.56356888609476,2
33.491028281152964,-7.27179828879979,3,47.123408144059134,2,62.76885518142238,3,63.13600447278894,2,54.434722395423286,2
33.491028281152964,-7.5717982887997906,2,46.55068729786478,3,70.12947640190953,2,68.11629909612228,2,67.46538189406397,2
33.491028281152964,-7.871798288799789,2,46.55068729786478,3,70.12947640190953,2,68.11629909612228,2,67.46538189406397,2
33.79102828115297,-1.8717982887997917,2,48.83320061749815,3,38.836232629303304,2,54.01590118847079,2,55.791410665080015,7
33.79102828115297,-2.17179828879979,2,44.71566766453593,3,40.30750690008387,8,44.20995433044765,5,57.586665363401664,5
33.79102828115297,-2.471798288799791,2,44.71566766453593,3,40.30750690008387,8,44.20995433044765,5,57.586665363401664,5
33.79102828115297,-2.7717982887997903,2,41.88888196858608,2,37.52086981612025,2,54.8669864224701,2,51.614578661182854,5
33.79102828115297,-3.0717982887997906,2,40.03961348943337,2,45.06591361056213,3,51.90318469351818,3,48.469012504591916,4
33.79102828115297,-3.3717982887997917,2,40.03961348943337,2,45.06591361056213,3,51.90318469351818,3,48.469012504591916,4
33.79102828115297,-3.67179828879979,2,41.91559843877601,2,47.937024437263425,4,64.55048982279347,2,54.55590612465621,9
33.79102828115297,-3.971798288799791,2,41.91559843877601,2,47.937024437263425,4,64.55048982279347,2,54.55590612465621,9
33.79102828115297,-4.27179828879979,3,40.90809236422553,2,54.145789361450326,3,61.34164355476014,3,54.764245795525746,2
33.79102828115297,-4.571798288799791,3,35.34040189809534,2,49.87880043464155,4,59.63707006924851,4,54.04397799911009,3
33.79102828115297,-4.8717982887997895,3,35.34040189809534,2,49.87880043464155,4,59.63707006924851,4,54.04397799911009,3
33.79102828115297,-5.17179828879979,3,33.402965239377366,3,61.591538009650435,3,59.33658078613233,2,57.36385226167226,2
33.79102828115297,-5.471798288799791,3,33.402965239377366,3,61.591538009650435,3,59.33658078613233,2,57.36385226167226,2
33.79102828115297,-5.77179828879979,3,35.29504707917441,3,62.56459976811123,3,58.83290965075802,2,53.61169167649562,2
33.79102828115297,-6.071798288799791,3,44.42028599071167,3,63.546933001770945,3,61.29716587981601,2,52.13160005283486,3
33.79102828115297,-6.3717982887997895,3,44.42028599071167,3,63.546933001770945,3,61.29716587981601,2,52.13160005283486,3
33.79102828115297,-6.67179828879979,3,45.20145204785671,3,59.482083722761956,3,68.0011296063008,4,56.074926030225676,3
33.79102828115297,-6.971798288799791,3,45.20145204785671,3,59.482083722761956,3,68.0011296063008,4,56.074926030225676,3
34.091028281152965,-1.8717982887997917,3,43.666297970839025,3,37.89164325848065,2,48.14711972318495,5,47.61189758013215,6
34.091028281152965,-2.17179828879979,3,43.23746708603211,3,40.92532119162483,3,51.3950439171033,4,45.24317641014895,5
34.091028281152965,-2.471798288799791,3,43.23746708603211,3,40.92532119162483,3,51.3950439171033,4,45.24317641014895,5
34.091028281152965,-2.7717982887997903,3,49.75938388337818,2,46.931727153503466,3,59.054926233955584,2,43.09268069918414,5
34.091028281152965,-3.0717982887997906,3,39.2244536008894,2,55.26896792994241,3,60.03084325026563,2,45.666605631501234,9
34.091028281152965,-3.3717982887997917,3,39.2244536008894,2,55.26896792994241,3,60.03084325026563,2,45.666605631501234,9
34.091028281152965,-3.67179828879979,3,43.1184886556868,2,64.14872364568174,3,55.48282871256445,3,67.55964684036842,2
34.091028281152965,-3.971798288799791,3,43.1184886556868,2,64.14872364568174,3,55.48282871256445,3,67.55964684036842,2
34.091028281152965,-4.27179828879979,4,41.385765122901645,2,67.37000007750649,3,57.112493552051916,4,62.970721171867346,2
34.091028281152965,-4.571798288799791,4,38.17115240644673,2,63.58249532499722,4,44.01762096089492,4,61.77174489340441,2
34.091028281152965,-4.8717982887997895,4,38.17115240644673,2,63.58249532499722,4,44.01762096089492,4,61.77174489340441,2
34.091028281152965,-5.17179828879979,2,38.32284254636364,2,60.37908487070532,3,44.37937626724555,3,59.271688147168895,2
34.091028281152965,-5.471798288799791,2,38.32284254636364,2,60.37908487070532,3,44.37937626724555,3,59.271688147168895,2
34.091028281152965,-5.77179828879979,3,40.49056683897602,3,57.98262554243578,4,60.369990734592776,2,54.24779870740644,2
34.091028281152965,-6.071798288799791,3,52.9547122201433,3,62.51135741656251,3,56.12868479740259,3,60.31268215925675,2
34.091028281152965,-6.3717982887997895,3,52.9547122201433,3,62.51135741656251,3,56.12868479740259,3,60.31268215925675,2
34.091028281152965,-6.67179828879979,3,45.80761849952766,4,62.86071885442948,3,63.32660404975964,3,65.49981073523794,2
34.39102828115297,-1.8717982887997917,3,43.666297970839025,3,37.89164325848065,2,48.14711972318495,5,47.61189758013215,6
34.39102828115297,-2.17179828879979,3,43.23746708603211,3,40.92532119162483,3,51.3950439171033,4,45.24317641014895,5
34.39102828115297,-2.471798288799791,3,43.23746708603211,3,40.92532119162483,3,51.3950439171033,4,45.24317641014895,5
34.39102828115297,-2.7717982887997903,3,49.75938388337818,2,46.931727153503466,3,59.054926233955584,2,43.09268069918414,5
34.39102828115297,-3.0717982887997906,3,39.2244536008894,2,55.26896792994241,3,60.03084325026563,2,45.666605631501234,9
34.39102828115297,-3.3717982887997917,3,39.2244536008894,2,55.26896792994241,3,60.03084325026563,2,45.666605631501234,9
34.39102828115297,-3.67179828879979,3,43.1184886556868,2,64.14872364568174,3,55.48282871256445,3,67.55964684036842,2
34.39102828115297,-3.971798288799791,3,43.1184886556868,2,64.14872364568174,3,55.48282871256445,3,67.55964684036842,2
34.39102828115297,-4.27179828879979,4,41.385765122901645,2,67.37000007750649,3,57.112493552051916,4,62.970721171867346,2
34.39102828115297,-4.571798288799791,4,38.17115240644673,2,63.58249532499722,4,44.01762096089492,4,61.77174489340441,2
34.39102828115297,-4.8717982887997895,4,38.17115240644673,2,63.58249532499722,4,44.01762096089492,4,61.77174489340441,2
34.39102828115297,-5.17179828879979,2,38.32284254636364,2,60.37908487070532,3,44.37937626724555,3,59.271688147168895,2
34.39102828115297,-5.471798288799791,2,38.32284254636364,2,60.37908487070532,3,44.37937626724555,3,59.271688147168895,2
34.39102828115297,-5.77179828879979,3,40.49056683897602,3,57.98262554243578,4,60.369990734592776,2,54.24779870740644,2
34.39102828115297,-6.071798288799791,3,52.9547122201433,3,62.51135741656251,3,56.12868479740259,3,60.31268215925675,2
34.39102828115297,-6.3717982887997895,3,52.9547122201433,3,62.51135741656251,3,56.12868479740259,3,60.31268215925675,2
34.69102828115297,-1.8717982887997917,4,54.00064611369558,2,40.856723527008405,4,52.211371766807105,3,48.628618572083155,2
34.69102828115297,-2.17179828879979,3,55.9270483923158,3,46.69603337637345,3,57.47156750901721,3,43.53476761841289,3
34.69102828115297,-2.471798288799791,3,55.9270483923158,3,46.69603337637345,3,57.47156750901721,3,43.53476761841289,3
34.69102828115297,-2.7717982887997903,3,58.54324583373004,3,38.63539475407081,4,53.11704778632642,2,41.81398502383097,3
34.69102828115297,-3.0717982887997906,3,55.5110851351106,3,47.80784599385735,3,49.09003591970536,2,43.59093435464867,2
34.69102828115297,-3.3717982887997917,3,55.5110851351106,3,47.80784599385735,3,49.09003591970536,2,43.59093435464867,2
34.69102828115297,-3.67179828879979,3,41.67008422715117,2,58.81951598747521,3,51.970215904262794,3,61.51342479992178,2
34.69102828115297,-3.971798288799791,3,41.67008422715117,2,58.81951598747521,3,51.970215904262794,3,61.51342479992178,2
34.69102828115297,-4.27179828879979,3,37.42346771139384,3,63.634620864424065,3,41.80013383604312,3,61.05075499010649,2
34.69102828115297,-4.571798288799791,2,47.35836958364736,2,58.34876273745604,7,42.2890851611282,4,56.01715011912614,2
34.69102828115297,-4.8717982887997895,2,47.35836958364736,2,58.34876273745604,7,42.2890851611282,4,56.01715011912614,2
34.69102828115297,-5.17179828879979,2,37.20219191771817,3,50.84904683699839,4,54.74100124481012,3,56.96052876214485,2
34.69102828115297,-5.471798288799791,2,37.20219191771817,3,50.84904683699839,4,54.74100124481012,3,56.96052876214485,2
34.69102828115297,-5.77179828879979,3,42.93785083012572,2,57.506808053411085,3,53.53607329206239,3,59.62343575433314,2
34.69102828115297,-6.071798288799791,2,53.03648629597911,3,63.91686628994299,2,49.28682924276653,3,71.53996921630181,2
34.69102828115297,-6.3717982887997895,2,53.03648629597911,3,63.91686628994299,2,49.28682924276653,3,71.53996921630181,2
34.991028281152964,-2.17179828879979,3,55.9270483923158,3,46.69603337637345,3,57.47156750901721,3,43.53476761841289,3
34.991028281152964,-2.471798288799791,3,55.9270483923158,3,46.69603337637345,3,57.47156750901721,3,43.53476761841289,3
34.991028281152964,-2.7717982887997903,3,58.54324583373004,3,38.63539475407081,4,53.11704778632642,2,41.81398502383097,3
34.991028281152964,-3.0717982887997906,3,55.5110851351106,3,47.80784599385735,3,49.09003591970536,2,43.59093435464867,2
34.991028281152964,-3.3717982887997917,3,55.5110851351106,3,47.80784599385735,3,49.09003591970536,2,43.59093435464867,2
34.991028281152964,-3.67179828879979,3,41.67008422715117,2,58.81951598747521,3,51.970215904262794,3,61.51342479992178,2
34.991028281152964,-3.971798288799791,3,41.67008422715117,2,58.81951598747521,3,51.970215904262794,3,61.51342479992178,2
34.991028281152964,-4.27179828879979,3,37.42346771139384,3,63.634620864424065,3,41.80013383604312,3,61.05075499010649,2
34.991028281152964,-4.571798288799791,2,47.35836958364736,2,58.34876273745604,7,42.2890851611282,4,56.01715011912614,2
34.991028281152964,-4.8717982887997895,2,47.35836958364736,2,58.34876273745604,7,42.2890851611282,4,56.01715011912614,2
34.991028281152964,-5.17179828879979,2,37.20219191771817,3,50.84904683699839,4,54.74100124481012,3,56.96052876214485,2
34.991028281152964,-5.471798288799791,2,37.20219191771817,3,50.84904683699839,4,54.74100124481012,3,56.96052876214485,2
34.991028281152964,-5.77179828879979,3,42.93785083012572,2,57.506808053411085,3,53.53607329206239,3,59.62343575433314,2
34.991028281152964,-6.071798288799791,2,53.03648629597911,3,63.91686628994299,2,49.28682924276653,3,71.53996921630181,2
35.29102828115297,-3.0717982887997906,3,63.42794179429681,3,52.83521494442637,3,40.169684190481874,2,44.3559788117676,3
35.29102828115297,-3.67179828879979,3,50.991093356526555,4,51.458827288590356,3,36.61231174787776,2,54.95464559549421,3
35.29102828115297,-4.8717982887997895,3,41.52965817357592,4,55.41877061293717,7,31.248896963363613,2,54.70899107685473,2
35.29102828115297,-5.17179828879979,2,45.42233666088313,2,62.74727655742603,2,38.7529311491078,3,52.40753321486195,2
35.29102828115297,-5.471798288799791,2,45.42233666088313,2,62.74727655742603,2,38.7529311491078,3,52.40753321486195,2
35.29102828115297,-5.77179828879979,2,37.71348162556689,4,70.13684265031173,2,45.42025227995104,3,51.80199755761574,3
35.29102828115297,-6.071798288799791,2,54.13228829007502,2,72.98163389174096,2,44.96099330795798,4,64.3667156259481,3
35.591028281152965,-5.471798288799791,2,50.553838912456385,4,53.597931284903055,5,45.20188027612085,2,54.43284969426086,5
35.591028281152965,-5.77179828879979,2,50.40587397903699,6,60.6644427848687,2,51.60110179141607,2,54.49538544571067,2
35.89102828115297,-5.471798288799791,2,50.553838912456385,4,53.597931284903055,5,45.20188027612085,2,54.43284969426086,5
